chapter,summary
Chapter 1,"Here is a summary of Chapter 1 of the Montenegro Human Development Report in fewer than 100 words:

The concept of human development was introduced by UNDP in 1990, going beyond poverty reduction to consider individual development, literacy, health, freedom, and social justice. It emphasizes enhancing human capability and health for full participation in life, fair sharing of benefits, and equal opportunities for all. Human development also considers sustainability and protecting the natural environment. The report highlights that it's not just about economic growth, but about expanding opportunities and choices for people to lead productive and creative lives."
Chapter 2,"Here is a summary of Chapter 2 of the Montenegro Human Development Report in fewer than 100 words:

The chapter discusses human development and social exclusion in Montenegro. The Human Development Index (HDI) is used to measure human development, with factors such as life expectancy, education attainment, and GDP per capita contributing to the index. Montenegro's HDI increased from 0.775 in 2002 to 0.828 in 2007, with some regional variations. The chapter also introduces the Social Exclusion Index (SEI) to provide a more comprehensive understanding of social exclusion in Montenegro."
Chapter 3,"Here is a summary of Chapter 3 of the Montenegro Human Development Report in under 100 words:

Certain groups in Montenegro's society are particularly vulnerable to poverty and social exclusion. These groups include social welfare beneficiaries, long-term unemployed, pensioners with minimum income, people with disabilities, Roma, Ashkalia, and Egyptians, displaced persons, and others. The report analyzes the vulnerability of these groups, including their access to employment, education, health, social services, transportation, and housing. Key findings and challenges are presented, along with policy recommendations for improving the situation of these vulnerable groups."
Chapter 4,"Here is a summary of Chapter 4 of the Montenegro Human Development Report in fewer than 100 words:

Montenegro has significant regional disparities in human development and social inclusion. The northern region is the most disadvantaged, with lower GDP per capita, higher poverty rates (19.2%), and households spending more on food (46% of income). In contrast, the central region is more developed, with a higher GDP contribution (55.5%) and lower poverty rates (6.7%). The southern region has a well-developed tourism industry and contributes 26.5% to GDP. These disparities are reflected in HDI levels, which vary across regions."
Chapter 5,"Here is a summary of Chapter 5 of the Montenegro Human Development Report in fewer than 100 words:

Despite economic growth and improved human development indicators, social exclusion remains a significant issue in Montenegro. The country has seen impressive growth in sectors such as construction, tourism, and banking, but this has not translated to reduced poverty or social exclusion. The Government has committed to addressing social exclusion and has adopted policy strategies to do so. The report provides an analysis of social exclusion, including the challenges faced by vulnerable groups and their opinions on how these challenges could be addressed."
